[
    {
      "idAluguer": 1,
      "idVeiculo": 1,
      "idFuncionario": 1,
      "idCliente": 1,
      "dataInicio": "2025-05-01",
      "dataFinalPrevista": "2025-05-05",
      "dataFinalEfetiva": "2025-05-05",
      "valorTotal": 225.00,
      "tipoPagamento": "A pronto",
      "estado": "Inativo"
    },
    {
      "idAluguer": 2,
      "idVeiculo": 2,
      "idFuncionario": 2,
      "idCliente": 2,
      "dataInicio": "2025-05-10",
      "dataFinalPrevista": "2025-05-15",
      "dataFinalEfetiva": null,
      "valorTotal": 200.00,
      "tipoPagamento": "Parcial",
      "estado": "Ativo"
    }
  ]
  