[
    {
      "idVeiculo": 1,
      "matricula": "AA-11-AA",
      "marca": "Peugeot",
      "modelo": "308",
      "cor": "Branco",
      "anoFabrico": "2020-01-01",
      "tipoCombustivel": "Gasolina",
      "quilometragem": 15000,
      "estado": "Disponível",
      "prazoSeguro": "2025-12-31",
      "prazoInspecao": "2025-07-15",
      "precoDia": 45.00,
      "idStand": 1
    },
    {
      "idVeiculo": 2,
      "matricula": "BB-22-BB",
      "marca": "Opel",
      "modelo": "Astra",
      "cor": "Preto",
      "anoFabrico": "2018-01-01",
      "tipoCombustivel": "Diesel",
      "quilometragem": 20000,
      "estado": "Em Manutenção",
      "prazoSeguro": "2025-10-15",
      "prazoInspecao": "2025-06-10",
      "precoDia": 40.00,
      "idStand": 2
    }
  ]
  